[
  {
    "ARN": "arn:aws:ssm:ap-northeast-3::parameter/aws/service/ami-amazon-linux-latest/al2023-ami-kernel-6.1-arm64",
    "DataType": "text",
    "LastModifiedDate": 1711053036.85,
    "Name": "/aws/service/ami-amazon-linux-latest/al2023-ami-kernel-6.1-arm64",
    "Type": "String",
    "Value": "ami-07206517b7cdf5887",
    "Version": 70
  },
  {
    "ARN": "arn:aws:ssm:ap-northeast-3::parameter/aws/service/ami-amazon-linux-latest/al2023-ami-kernel-6.1-x86_64",
    "DataType": "text",
    "LastModifiedDate": 1711053037.274,
    "Name": "/aws/service/ami-amazon-linux-latest/al2023-ami-kernel-6.1-x86_64",
    "Type": "String",
    "Value": "ami-0afaa85b51fa5f4b5",
    "Version": 70
  },
  {
    "ARN": "arn:aws:ssm:ap-northeast-3::parameter/aws/service/ami-amazon-linux-latest/al2023-ami-minimal-kernel-6.1-arm64",
    "DataType": "text",
    "LastModifiedDate": 1711053037.683,
    "Name": "/aws/service/ami-amazon-linux-latest/al2023-ami-minimal-kernel-6.1-arm64",
    "Type": "String",
    "Value": "ami-0c3a31e067f5cc730",
    "Version": 70
  },
  {
    "ARN": "arn:aws:ssm:ap-northeast-3::parameter/aws/service/ami-amazon-linux-latest/al2023-ami-minimal-kernel-6.1-x86_64",
    "DataType": "text",
    "LastModifiedDate": 1711053038.097,
    "Name": "/aws/service/ami-amazon-linux-latest/al2023-ami-minimal-kernel-6.1-x86_64",
    "Type": "String",
    "Value": "ami-0f56a9cf4b093df61",
    "Version": 70
  },
  {
    "ARN": "arn:aws:ssm:ap-northeast-3::parameter/aws/service/ami-amazon-linux-latest/al2023-ami-minimal-kernel-default-arm64",
    "DataType": "text",
    "LastModifiedDate": 1711053039.281,
    "Name": "/aws/service/ami-amazon-linux-latest/al2023-ami-minimal-kernel-default-arm64",
    "Type": "String",
    "Value": "ami-0c3a31e067f5cc730",
    "Version": 70
  },
  {
    "ARN": "arn:aws:ssm:ap-northeast-3::parameter/aws/service/ami-amazon-linux-latest/amzn-ami-hvm-x86_64-gp2",
    "DataType": "text",
    "LastModifiedDate": 1703011661.451,
    "Name": "/aws/service/ami-amazon-linux-latest/amzn-ami-hvm-x86_64-gp2",
    "Type": "String",
    "Value": "ami-022158805c478d5d3",
    "Version": 52
  },
  {
    "ARN": "arn:aws:ssm:ap-northeast-3::parameter/aws/service/ami-amazon-linux-latest/amzn-ami-hvm-x86_64-s3",
    "DataType": "text",
    "LastModifiedDate": 1703011661.729,
    "Name": "/aws/service/ami-amazon-linux-latest/amzn-ami-hvm-x86_64-s3",
    "Type": "String",
    "Value": "ami-0b0044c9736cb4b95",
    "Version": 52
  },
  {
    "ARN": "arn:aws:ssm:ap-northeast-3::parameter/aws/service/ami-amazon-linux-latest/amzn2-ami-hvm-x86_64-ebs",
    "DataType": "text",
    "LastModifiedDate": 1711392563.695,
    "Name": "/aws/service/ami-amazon-linux-latest/amzn2-ami-hvm-x86_64-ebs",
    "Type": "String",
    "Value": "ami-02b555af8b4ee57b1",
    "Version": 76
  },
  {
    "ARN": "arn:aws:ssm:ap-northeast-3::parameter/aws/service/ami-amazon-linux-latest/amzn2-ami-hvm-x86_64-gp2",
    "DataType": "text",
    "LastModifiedDate": 1711392564.127,
    "Name": "/aws/service/ami-amazon-linux-latest/amzn2-ami-hvm-x86_64-gp2",
    "Type": "String",
    "Value": "ami-0dede943cad08dfa8",
    "Version": 76
  },
  {
    "ARN": "arn:aws:ssm:ap-northeast-3::parameter/aws/service/ami-amazon-linux-latest/amzn2-ami-kernel-5.10-hvm-x86_64-ebs",
    "DataType": "text",
    "LastModifiedDate": 1711392564.947,
    "Name": "/aws/service/ami-amazon-linux-latest/amzn2-ami-kernel-5.10-hvm-x86_64-ebs",
    "Type": "String",
    "Value": "ami-05beb0150a2e8f603",
    "Version": 62
  },
  {
    "ARN": "arn:aws:ssm:ap-northeast-3::parameter/aws/service/ami-amazon-linux-latest/al2023-ami-kernel-default-arm64",
    "DataType": "text",
    "LastModifiedDate": 1711053038.484,
    "Name": "/aws/service/ami-amazon-linux-latest/al2023-ami-kernel-default-arm64",
    "Type": "String",
    "Value": "ami-07206517b7cdf5887",
    "Version": 70
  },
  {
    "ARN": "arn:aws:ssm:ap-northeast-3::parameter/aws/service/ami-amazon-linux-latest/al2023-ami-kernel-default-x86_64",
    "DataType": "text",
    "LastModifiedDate": 1711053038.89,
    "Name": "/aws/service/ami-amazon-linux-latest/al2023-ami-kernel-default-x86_64",
    "Type": "String",
    "Value": "ami-0afaa85b51fa5f4b5",
    "Version": 70
  },
  {
    "ARN": "arn:aws:ssm:ap-northeast-3::parameter/aws/service/ami-amazon-linux-latest/al2023-ami-minimal-kernel-default-x86_64",
    "DataType": "text",
    "LastModifiedDate": 1711053039.679,
    "Name": "/aws/service/ami-amazon-linux-latest/al2023-ami-minimal-kernel-default-x86_64",
    "Type": "String",
    "Value": "ami-0f56a9cf4b093df61",
    "Version": 70
  },
  {
    "ARN": "arn:aws:ssm:ap-northeast-3::parameter/aws/service/ami-amazon-linux-latest/amzn-ami-hvm-x86_64-ebs",
    "DataType": "text",
    "LastModifiedDate": 1703011661.17,
    "Name": "/aws/service/ami-amazon-linux-latest/amzn-ami-hvm-x86_64-ebs",
    "Type": "String",
    "Value": "ami-0864e0717ee0bddb3",
    "Version": 52
  },
  {
    "ARN": "arn:aws:ssm:ap-northeast-3::parameter/aws/service/ami-amazon-linux-latest/amzn-ami-minimal-hvm-x86_64-ebs",
    "DataType": "text",
    "LastModifiedDate": 1703011662.013,
    "Name": "/aws/service/ami-amazon-linux-latest/amzn-ami-minimal-hvm-x86_64-ebs",
    "Type": "String",
    "Value": "ami-023c04ee133778552",
    "Version": 52
  },
  {
    "ARN": "arn:aws:ssm:ap-northeast-3::parameter/aws/service/ami-amazon-linux-latest/amzn-ami-minimal-hvm-x86_64-s3",
    "DataType": "text",
    "LastModifiedDate": 1703011662.268,
    "Name": "/aws/service/ami-amazon-linux-latest/amzn-ami-minimal-hvm-x86_64-s3",
    "Type": "String",
    "Value": "ami-06261bda8068dcf4d",
    "Version": 52
  },
  {
    "ARN": "arn:aws:ssm:ap-northeast-3::parameter/aws/service/ami-amazon-linux-latest/amzn2-ami-hvm-arm64-gp2",
    "DataType": "text",
    "LastModifiedDate": 1711392563.266,
    "Name": "/aws/service/ami-amazon-linux-latest/amzn2-ami-hvm-arm64-gp2",
    "Type": "String",
    "Value": "ami-0a2ed48e1ab185404",
    "Version": 76
  },
  {
    "ARN": "arn:aws:ssm:ap-northeast-3::parameter/aws/service/ami-amazon-linux-latest/amzn2-ami-kernel-5.10-hvm-arm64-gp2",
    "DataType": "text",
    "LastModifiedDate": 1711392564.544,
    "Name": "/aws/service/ami-amazon-linux-latest/amzn2-ami-kernel-5.10-hvm-arm64-gp2",
    "Type": "String",
    "Value": "ami-0a2808a4d5d18d2d9",
    "Version": 62
  },
  {
    "ARN": "arn:aws:ssm:ap-northeast-3::parameter/aws/service/ami-amazon-linux-latest/amzn2-ami-kernel-5.10-hvm-x86_64-gp2",
    "DataType": "text",
    "LastModifiedDate": 1711392565.355,
    "Name": "/aws/service/ami-amazon-linux-latest/amzn2-ami-kernel-5.10-hvm-x86_64-gp2",
    "Type": "String",
    "Value": "ami-08a634f2708e3696a",
    "Version": 62
  },
  {
    "ARN": "arn:aws:ssm:ap-northeast-3::parameter/aws/service/ami-amazon-linux-latest/amzn2-ami-minimal-hvm-arm64-ebs",
    "DataType": "text",
    "LastModifiedDate": 1711392565.764,
    "Name": "/aws/service/ami-amazon-linux-latest/amzn2-ami-minimal-hvm-arm64-ebs",
    "Type": "String",
    "Value": "ami-01b0107b76a4ca235",
    "Version": 76
  },
  {
    "ARN": "arn:aws:ssm:ap-northeast-3::parameter/aws/service/ami-amazon-linux-latest/amzn2-ami-minimal-hvm-x86_64-ebs",
    "DataType": "text",
    "LastModifiedDate": 1711392566.156,
    "Name": "/aws/service/ami-amazon-linux-latest/amzn2-ami-minimal-hvm-x86_64-ebs",
    "Type": "String",
    "Value": "ami-0ee7b19884a890991",
    "Version": 76
  }
]