[
  {
    "ARN": "arn:aws:ssm:us-east-1::parameter/aws/service/ami-amazon-linux-latest/al2023-ami-kernel-6.1-arm64",
    "DataType": "text",
    "LastModifiedDate": 1711053111.745,
    "Name": "/aws/service/ami-amazon-linux-latest/al2023-ami-kernel-6.1-arm64",
    "Type": "String",
    "Value": "ami-0d8f91fa8ecdc3b58",
    "Version": 42
  },
  {
    "ARN": "arn:aws:ssm:us-east-1::parameter/aws/service/ami-amazon-linux-latest/al2023-ami-kernel-6.1-x86_64",
    "DataType": "text",
    "LastModifiedDate": 1711053112.109,
    "Name": "/aws/service/ami-amazon-linux-latest/al2023-ami-kernel-6.1-x86_64",
    "Type": "String",
    "Value": "ami-0c101f26f147fa7fd",
    "Version": 70
  },
  {
    "ARN": "arn:aws:ssm:us-east-1::parameter/aws/service/ami-amazon-linux-latest/al2023-ami-minimal-kernel-6.1-arm64",
    "DataType": "text",
    "LastModifiedDate": 1711053112.454,
    "Name": "/aws/service/ami-amazon-linux-latest/al2023-ami-minimal-kernel-6.1-arm64",
    "Type": "String",
    "Value": "ami-0ec4f7c1e1155c750",
    "Version": 70
  },
  {
    "ARN": "arn:aws:ssm:us-east-1::parameter/aws/service/ami-amazon-linux-latest/al2023-ami-minimal-kernel-6.1-x86_64",
    "DataType": "text",
    "LastModifiedDate": 1711053112.79,
    "Name": "/aws/service/ami-amazon-linux-latest/al2023-ami-minimal-kernel-6.1-x86_64",
    "Type": "String",
    "Value": "ami-0e0c22b1ff6ba8221",
    "Version": 70
  },
  {
    "ARN": "arn:aws:ssm:us-east-1::parameter/aws/service/ami-amazon-linux-latest/al2023-ami-minimal-kernel-default-arm64",
    "DataType": "text",
    "LastModifiedDate": 1711053113.777,
    "Name": "/aws/service/ami-amazon-linux-latest/al2023-ami-minimal-kernel-default-arm64",
    "Type": "String",
    "Value": "ami-0ec4f7c1e1155c750",
    "Version": 70
  },
  {
    "ARN": "arn:aws:ssm:us-east-1::parameter/aws/service/ami-amazon-linux-latest/amzn-ami-hvm-x86_64-gp2",
    "DataType": "text",
    "LastModifiedDate": 1703011709.881,
    "Name": "/aws/service/ami-amazon-linux-latest/amzn-ami-hvm-x86_64-gp2",
    "Type": "String",
    "Value": "ami-01f446d4eeaed8a3c",
    "Version": 73
  },
  {
    "ARN": "arn:aws:ssm:us-east-1::parameter/aws/service/ami-amazon-linux-latest/amzn-ami-hvm-x86_64-s3",
    "DataType": "text",
    "LastModifiedDate": 1703011710.103,
    "Name": "/aws/service/ami-amazon-linux-latest/amzn-ami-hvm-x86_64-s3",
    "Type": "String",
    "Value": "ami-0fc89fe4b85053f3d",
    "Version": 73
  },
  {
    "ARN": "arn:aws:ssm:us-east-1::parameter/aws/service/ami-amazon-linux-latest/amzn2-ami-hvm-x86_64-ebs",
    "DataType": "text",
    "LastModifiedDate": 1711392638.754,
    "Name": "/aws/service/ami-amazon-linux-latest/amzn2-ami-hvm-x86_64-ebs",
    "Type": "String",
    "Value": "ami-0a3b66b5917277b96",
    "Version": 109
  },
  {
    "ARN": "arn:aws:ssm:us-east-1::parameter/aws/service/ami-amazon-linux-latest/amzn2-ami-hvm-x86_64-gp2",
    "DataType": "text",
    "LastModifiedDate": 1711392639.229,
    "Name": "/aws/service/ami-amazon-linux-latest/amzn2-ami-hvm-x86_64-gp2",
    "Type": "String",
    "Value": "ami-0bd01824d64912730",
    "Version": 110
  },
  {
    "ARN": "arn:aws:ssm:us-east-1::parameter/aws/service/ami-amazon-linux-latest/amzn2-ami-kernel-5.10-hvm-x86_64-ebs",
    "DataType": "text",
    "LastModifiedDate": 1711392639.964,
    "Name": "/aws/service/ami-amazon-linux-latest/amzn2-ami-kernel-5.10-hvm-x86_64-ebs",
    "Type": "String",
    "Value": "ami-0821bbdc32bd3d617",
    "Version": 62
  },
  {
    "ARN": "arn:aws:ssm:us-east-1::parameter/aws/service/ami-amazon-linux-latest/al2023-ami-kernel-default-x86_64",
    "DataType": "text",
    "LastModifiedDate": 1711053113.449,
    "Name": "/aws/service/ami-amazon-linux-latest/al2023-ami-kernel-default-x86_64",
    "Type": "String",
    "Value": "ami-0c101f26f147fa7fd",
    "Version": 70
  },
  {
    "ARN": "arn:aws:ssm:us-east-1::parameter/aws/service/ami-amazon-linux-latest/al2023-ami-minimal-kernel-default-x86_64",
    "DataType": "text",
    "LastModifiedDate": 1711053114.114,
    "Name": "/aws/service/ami-amazon-linux-latest/al2023-ami-minimal-kernel-default-x86_64",
    "Type": "String",
    "Value": "ami-0e0c22b1ff6ba8221",
    "Version": 70
  },
  {
    "ARN": "arn:aws:ssm:us-east-1::parameter/aws/service/ami-amazon-linux-latest/amzn-ami-hvm-x86_64-ebs",
    "DataType": "text",
    "LastModifiedDate": 1703011709.645,
    "Name": "/aws/service/ami-amazon-linux-latest/amzn-ami-hvm-x86_64-ebs",
    "Type": "String",
    "Value": "ami-0d33050d9d05e2b67",
    "Version": 73
  },
  {
    "ARN": "arn:aws:ssm:us-east-1::parameter/aws/service/ami-amazon-linux-latest/amzn-ami-minimal-hvm-x86_64-s3",
    "DataType": "text",
    "LastModifiedDate": 1703011710.582,
    "Name": "/aws/service/ami-amazon-linux-latest/amzn-ami-minimal-hvm-x86_64-s3",
    "Type": "String",
    "Value": "ami-08ada2add055f5963",
    "Version": 73
  },
  {
    "ARN": "arn:aws:ssm:us-east-1::parameter/aws/service/ami-amazon-linux-latest/amzn-ami-minimal-pv-x86_64-s3",
    "DataType": "text",
    "LastModifiedDate": 1703011711.025,
    "Name": "/aws/service/ami-amazon-linux-latest/amzn-ami-minimal-pv-x86_64-s3",
    "Type": "String",
    "Value": "ami-015c818ab82ab6750",
    "Version": 73
  },
  {
    "ARN": "arn:aws:ssm:us-east-1::parameter/aws/service/ami-amazon-linux-latest/amzn-ami-pv-x86_64-s3",
    "DataType": "text",
    "LastModifiedDate": 1703011711.485,
    "Name": "/aws/service/ami-amazon-linux-latest/amzn-ami-pv-x86_64-s3",
    "Type": "String",
    "Value": "ami-070a9b5b5b0825a85",
    "Version": 73
  },
  {
    "ARN": "arn:aws:ssm:us-east-1::parameter/aws/service/ami-amazon-linux-latest/amzn2-ami-hvm-arm64-gp2",
    "DataType": "text",
    "LastModifiedDate": 1711392638.378,
    "Name": "/aws/service/ami-amazon-linux-latest/amzn2-ami-hvm-arm64-gp2",
    "Type": "String",
    "Value": "ami-07c4798e349e3c74c",
    "Version": 96
  },
  {
    "ARN": "arn:aws:ssm:us-east-1::parameter/aws/service/ami-amazon-linux-latest/amzn2-ami-kernel-5.10-hvm-arm64-gp2",
    "DataType": "text",
    "LastModifiedDate": 1711392639.59,
    "Name": "/aws/service/ami-amazon-linux-latest/amzn2-ami-kernel-5.10-hvm-arm64-gp2",
    "Type": "String",
    "Value": "ami-0133954542394b43a",
    "Version": 62
  },
  {
    "ARN": "arn:aws:ssm:us-east-1::parameter/aws/service/ami-amazon-linux-latest/amzn2-ami-kernel-5.10-hvm-x86_64-gp2",
    "DataType": "text",
    "LastModifiedDate": 1711392640.299,
    "Name": "/aws/service/ami-amazon-linux-latest/amzn2-ami-kernel-5.10-hvm-x86_64-gp2",
    "Type": "String",
    "Value": "ami-033a1ebf088e56e81",
    "Version": 62
  },
  {
    "ARN": "arn:aws:ssm:us-east-1::parameter/aws/service/ami-amazon-linux-latest/amzn2-ami-minimal-hvm-arm64-ebs",
    "DataType": "text",
    "LastModifiedDate": 1711392640.638,
    "Name": "/aws/service/ami-amazon-linux-latest/amzn2-ami-minimal-hvm-arm64-ebs",
    "Type": "String",
    "Value": "ami-0441cd97aea8ba655",
    "Version": 96
  },
  {
    "ARN": "arn:aws:ssm:us-east-1::parameter/aws/service/ami-amazon-linux-latest/al2023-ami-kernel-default-arm64",
    "DataType": "text",
    "LastModifiedDate": 1711053113.126,
    "Name": "/aws/service/ami-amazon-linux-latest/al2023-ami-kernel-default-arm64",
    "Type": "String",
    "Value": "ami-0d8f91fa8ecdc3b58",
    "Version": 42
  },
  {
    "ARN": "arn:aws:ssm:us-east-1::parameter/aws/service/ami-amazon-linux-latest/amzn-ami-minimal-hvm-x86_64-ebs",
    "DataType": "text",
    "LastModifiedDate": 1703011710.323,
    "Name": "/aws/service/ami-amazon-linux-latest/amzn-ami-minimal-hvm-x86_64-ebs",
    "Type": "String",
    "Value": "ami-049c803ffbf95fd18",
    "Version": 73
  },
  {
    "ARN": "arn:aws:ssm:us-east-1::parameter/aws/service/ami-amazon-linux-latest/amzn-ami-minimal-pv-x86_64-ebs",
    "DataType": "text",
    "LastModifiedDate": 1703011710.814,
    "Name": "/aws/service/ami-amazon-linux-latest/amzn-ami-minimal-pv-x86_64-ebs",
    "Type": "String",
    "Value": "ami-02a0a9881cc05f389",
    "Version": 73
  },
  {
    "ARN": "arn:aws:ssm:us-east-1::parameter/aws/service/ami-amazon-linux-latest/amzn-ami-pv-x86_64-ebs",
    "DataType": "text",
    "LastModifiedDate": 1703011711.255,
    "Name": "/aws/service/ami-amazon-linux-latest/amzn-ami-pv-x86_64-ebs",
    "Type": "String",
    "Value": "ami-0e972d2890378139a",
    "Version": 73
  },
  {
    "ARN": "arn:aws:ssm:us-east-1::parameter/aws/service/ami-amazon-linux-latest/amzn2-ami-minimal-hvm-x86_64-ebs",
    "DataType": "text",
    "LastModifiedDate": 1711392641.131,
    "Name": "/aws/service/ami-amazon-linux-latest/amzn2-ami-minimal-hvm-x86_64-ebs",
    "Type": "String",
    "Value": "ami-01aa217c2c75f0e3d",
    "Version": 109
  }
]