[
  {
    "ARN": "arn:aws:ssm:us-west-2::parameter/aws/service/ami-amazon-linux-latest/al2023-ami-kernel-6.1-arm64",
    "DataType": "text",
    "LastModifiedDate": 1711053122.286,
    "Name": "/aws/service/ami-amazon-linux-latest/al2023-ami-kernel-6.1-arm64",
    "Type": "String",
    "Value": "ami-0a911ace2794b9c40",
    "Version": 70
  },
  {
    "ARN": "arn:aws:ssm:us-west-2::parameter/aws/service/ami-amazon-linux-latest/al2023-ami-kernel-6.1-x86_64",
    "DataType": "text",
    "LastModifiedDate": 1711053122.477,
    "Name": "/aws/service/ami-amazon-linux-latest/al2023-ami-kernel-6.1-x86_64",
    "Type": "String",
    "Value": "ami-0a70b9d193ae8a799",
    "Version": 70
  },
  {
    "ARN": "arn:aws:ssm:us-west-2::parameter/aws/service/ami-amazon-linux-latest/al2023-ami-minimal-kernel-6.1-arm64",
    "DataType": "text",
    "LastModifiedDate": 1711053122.64,
    "Name": "/aws/service/ami-amazon-linux-latest/al2023-ami-minimal-kernel-6.1-arm64",
    "Type": "String",
    "Value": "ami-0fba0f75ab450cddd",
    "Version": 70
  },
  {
    "ARN": "arn:aws:ssm:us-west-2::parameter/aws/service/ami-amazon-linux-latest/al2023-ami-minimal-kernel-6.1-x86_64",
    "DataType": "text",
    "LastModifiedDate": 1711053122.766,
    "Name": "/aws/service/ami-amazon-linux-latest/al2023-ami-minimal-kernel-6.1-x86_64",
    "Type": "String",
    "Value": "ami-096a25d6583e1a6ce",
    "Version": 70
  },
  {
    "ARN": "arn:aws:ssm:us-west-2::parameter/aws/service/ami-amazon-linux-latest/al2023-ami-minimal-kernel-default-arm64",
    "DataType": "text",
    "LastModifiedDate": 1711053123.24,
    "Name": "/aws/service/ami-amazon-linux-latest/al2023-ami-minimal-kernel-default-arm64",
    "Type": "String",
    "Value": "ami-0fba0f75ab450cddd",
    "Version": 70
  },
  {
    "ARN": "arn:aws:ssm:us-west-2::parameter/aws/service/ami-amazon-linux-latest/amzn-ami-hvm-x86_64-gp2",
    "DataType": "text",
    "LastModifiedDate": 1703011716.393,
    "Name": "/aws/service/ami-amazon-linux-latest/amzn-ami-hvm-x86_64-gp2",
    "Type": "String",
    "Value": "ami-048a3a89c9760319a",
    "Version": 73
  },
  {
    "ARN": "arn:aws:ssm:us-west-2::parameter/aws/service/ami-amazon-linux-latest/amzn-ami-hvm-x86_64-s3",
    "DataType": "text",
    "LastModifiedDate": 1703011716.483,
    "Name": "/aws/service/ami-amazon-linux-latest/amzn-ami-hvm-x86_64-s3",
    "Type": "String",
    "Value": "ami-01a70c62ba82d5997",
    "Version": 73
  },
  {
    "ARN": "arn:aws:ssm:us-west-2::parameter/aws/service/ami-amazon-linux-latest/amzn2-ami-hvm-x86_64-ebs",
    "DataType": "text",
    "LastModifiedDate": 1711392649.434,
    "Name": "/aws/service/ami-amazon-linux-latest/amzn2-ami-hvm-x86_64-ebs",
    "Type": "String",
    "Value": "ami-00c85633c16e3d724",
    "Version": 109
  },
  {
    "ARN": "arn:aws:ssm:us-west-2::parameter/aws/service/ami-amazon-linux-latest/amzn2-ami-hvm-x86_64-gp2",
    "DataType": "text",
    "LastModifiedDate": 1711392649.599,
    "Name": "/aws/service/ami-amazon-linux-latest/amzn2-ami-hvm-x86_64-gp2",
    "Type": "String",
    "Value": "ami-0c60a682662b226b3",
    "Version": 109
  },
  {
    "ARN": "arn:aws:ssm:us-west-2::parameter/aws/service/ami-amazon-linux-latest/amzn2-ami-kernel-5.10-hvm-x86_64-ebs",
    "DataType": "text",
    "LastModifiedDate": 1711392649.864,
    "Name": "/aws/service/ami-amazon-linux-latest/amzn2-ami-kernel-5.10-hvm-x86_64-ebs",
    "Type": "String",
    "Value": "ami-0fbbab8ce0fbe2729",
    "Version": 62
  },
  {
    "ARN": "arn:aws:ssm:us-west-2::parameter/aws/service/ami-amazon-linux-latest/al2023-ami-kernel-default-x86_64",
    "DataType": "text",
    "LastModifiedDate": 1711053123.096,
    "Name": "/aws/service/ami-amazon-linux-latest/al2023-ami-kernel-default-x86_64",
    "Type": "String",
    "Value": "ami-0a70b9d193ae8a799",
    "Version": 70
  },
  {
    "ARN": "arn:aws:ssm:us-west-2::parameter/aws/service/ami-amazon-linux-latest/al2023-ami-minimal-kernel-default-x86_64",
    "DataType": "text",
    "LastModifiedDate": 1711053123.538,
    "Name": "/aws/service/ami-amazon-linux-latest/al2023-ami-minimal-kernel-default-x86_64",
    "Type": "String",
    "Value": "ami-096a25d6583e1a6ce",
    "Version": 70
  },
  {
    "ARN": "arn:aws:ssm:us-west-2::parameter/aws/service/ami-amazon-linux-latest/amzn-ami-hvm-x86_64-ebs",
    "DataType": "text",
    "LastModifiedDate": 1703011716.31,
    "Name": "/aws/service/ami-amazon-linux-latest/amzn-ami-hvm-x86_64-ebs",
    "Type": "String",
    "Value": "ami-01eb87b911b951e1b",
    "Version": 73
  },
  {
    "ARN": "arn:aws:ssm:us-west-2::parameter/aws/service/ami-amazon-linux-latest/amzn-ami-minimal-hvm-x86_64-s3",
    "DataType": "text",
    "LastModifiedDate": 1703011716.66,
    "Name": "/aws/service/ami-amazon-linux-latest/amzn-ami-minimal-hvm-x86_64-s3",
    "Type": "String",
    "Value": "ami-09edd1f5eb4c36812",
    "Version": 73
  },
  {
    "ARN": "arn:aws:ssm:us-west-2::parameter/aws/service/ami-amazon-linux-latest/amzn-ami-minimal-pv-x86_64-s3",
    "DataType": "text",
    "LastModifiedDate": 1703011716.846,
    "Name": "/aws/service/ami-amazon-linux-latest/amzn-ami-minimal-pv-x86_64-s3",
    "Type": "String",
    "Value": "ami-00181c65c63b51bdd",
    "Version": 73
  },
  {
    "ARN": "arn:aws:ssm:us-west-2::parameter/aws/service/ami-amazon-linux-latest/amzn-ami-pv-x86_64-s3",
    "DataType": "text",
    "LastModifiedDate": 1703011717.035,
    "Name": "/aws/service/ami-amazon-linux-latest/amzn-ami-pv-x86_64-s3",
    "Type": "String",
    "Value": "ami-0d2924595ded6f467",
    "Version": 73
  },
  {
    "ARN": "arn:aws:ssm:us-west-2::parameter/aws/service/ami-amazon-linux-latest/amzn2-ami-hvm-arm64-gp2",
    "DataType": "text",
    "LastModifiedDate": 1711392649.265,
    "Name": "/aws/service/ami-amazon-linux-latest/amzn2-ami-hvm-arm64-gp2",
    "Type": "String",
    "Value": "ami-0a68bafdca2770a71",
    "Version": 97
  },
  {
    "ARN": "arn:aws:ssm:us-west-2::parameter/aws/service/ami-amazon-linux-latest/amzn2-ami-kernel-5.10-hvm-arm64-gp2",
    "DataType": "text",
    "LastModifiedDate": 1711392649.726,
    "Name": "/aws/service/ami-amazon-linux-latest/amzn2-ami-kernel-5.10-hvm-arm64-gp2",
    "Type": "String",
    "Value": "ami-0c9e04bd32865bc56",
    "Version": 62
  },
  {
    "ARN": "arn:aws:ssm:us-west-2::parameter/aws/service/ami-amazon-linux-latest/amzn2-ami-kernel-5.10-hvm-x86_64-gp2",
    "DataType": "text",
    "LastModifiedDate": 1711392650.013,
    "Name": "/aws/service/ami-amazon-linux-latest/amzn2-ami-kernel-5.10-hvm-x86_64-gp2",
    "Type": "String",
    "Value": "ami-0b71e9be6a79aec29",
    "Version": 62
  },
  {
    "ARN": "arn:aws:ssm:us-west-2::parameter/aws/service/ami-amazon-linux-latest/amzn2-ami-minimal-hvm-arm64-ebs",
    "DataType": "text",
    "LastModifiedDate": 1711392650.149,
    "Name": "/aws/service/ami-amazon-linux-latest/amzn2-ami-minimal-hvm-arm64-ebs",
    "Type": "String",
    "Value": "ami-0e276102d784e6829",
    "Version": 97
  },
  {
    "ARN": "arn:aws:ssm:us-west-2::parameter/aws/service/ami-amazon-linux-latest/al2023-ami-kernel-default-arm64",
    "DataType": "text",
    "LastModifiedDate": 1711053122.937,
    "Name": "/aws/service/ami-amazon-linux-latest/al2023-ami-kernel-default-arm64",
    "Type": "String",
    "Value": "ami-0a911ace2794b9c40",
    "Version": 70
  },
  {
    "ARN": "arn:aws:ssm:us-west-2::parameter/aws/service/ami-amazon-linux-latest/amzn-ami-minimal-hvm-x86_64-ebs",
    "DataType": "text",
    "LastModifiedDate": 1703011716.566,
    "Name": "/aws/service/ami-amazon-linux-latest/amzn-ami-minimal-hvm-x86_64-ebs",
    "Type": "String",
    "Value": "ami-0fc126a5457ec8751",
    "Version": 73
  },
  {
    "ARN": "arn:aws:ssm:us-west-2::parameter/aws/service/ami-amazon-linux-latest/amzn-ami-minimal-pv-x86_64-ebs",
    "DataType": "text",
    "LastModifiedDate": 1703011716.762,
    "Name": "/aws/service/ami-amazon-linux-latest/amzn-ami-minimal-pv-x86_64-ebs",
    "Type": "String",
    "Value": "ami-01d63655b1179be60",
    "Version": 73
  },
  {
    "ARN": "arn:aws:ssm:us-west-2::parameter/aws/service/ami-amazon-linux-latest/amzn-ami-pv-x86_64-ebs",
    "DataType": "text",
    "LastModifiedDate": 1703011716.938,
    "Name": "/aws/service/ami-amazon-linux-latest/amzn-ami-pv-x86_64-ebs",
    "Type": "String",
    "Value": "ami-0ec97a477d5016bb4",
    "Version": 73
  },
  {
    "ARN": "arn:aws:ssm:us-west-2::parameter/aws/service/ami-amazon-linux-latest/amzn2-ami-minimal-hvm-x86_64-ebs",
    "DataType": "text",
    "LastModifiedDate": 1711392650.28,
    "Name": "/aws/service/ami-amazon-linux-latest/amzn2-ami-minimal-hvm-x86_64-ebs",
    "Type": "String",
    "Value": "ami-09f8b2b21afb9062d",
    "Version": 109
  }
]