[
  {
    "ARN": "arn:aws:ssm:us-west-1::parameter/aws/service/ami-amazon-linux-latest/al2023-ami-kernel-6.1-arm64",
    "DataType": "text",
    "LastModifiedDate": 1711053119.157,
    "Name": "/aws/service/ami-amazon-linux-latest/al2023-ami-kernel-6.1-arm64",
    "Type": "String",
    "Value": "ami-07e2ab95a2ace0f0d",
    "Version": 70
  },
  {
    "ARN": "arn:aws:ssm:us-west-1::parameter/aws/service/ami-amazon-linux-latest/al2023-ami-kernel-6.1-x86_64",
    "DataType": "text",
    "LastModifiedDate": 1711053119.378,
    "Name": "/aws/service/ami-amazon-linux-latest/al2023-ami-kernel-6.1-x86_64",
    "Type": "String",
    "Value": "ami-0d5ae304a0b933620",
    "Version": 70
  },
  {
    "ARN": "arn:aws:ssm:us-west-1::parameter/aws/service/ami-amazon-linux-latest/al2023-ami-minimal-kernel-6.1-arm64",
    "DataType": "text",
    "LastModifiedDate": 1711053119.594,
    "Name": "/aws/service/ami-amazon-linux-latest/al2023-ami-minimal-kernel-6.1-arm64",
    "Type": "String",
    "Value": "ami-07c1424d0657330d0",
    "Version": 70
  },
  {
    "ARN": "arn:aws:ssm:us-west-1::parameter/aws/service/ami-amazon-linux-latest/al2023-ami-minimal-kernel-6.1-x86_64",
    "DataType": "text",
    "LastModifiedDate": 1711053119.939,
    "Name": "/aws/service/ami-amazon-linux-latest/al2023-ami-minimal-kernel-6.1-x86_64",
    "Type": "String",
    "Value": "ami-029204574de29d636",
    "Version": 70
  },
  {
    "ARN": "arn:aws:ssm:us-west-1::parameter/aws/service/ami-amazon-linux-latest/al2023-ami-minimal-kernel-default-arm64",
    "DataType": "text",
    "LastModifiedDate": 1711053120.505,
    "Name": "/aws/service/ami-amazon-linux-latest/al2023-ami-minimal-kernel-default-arm64",
    "Type": "String",
    "Value": "ami-07c1424d0657330d0",
    "Version": 70
  },
  {
    "ARN": "arn:aws:ssm:us-west-1::parameter/aws/service/ami-amazon-linux-latest/amzn-ami-hvm-x86_64-gp2",
    "DataType": "text",
    "LastModifiedDate": 1703011714.478,
    "Name": "/aws/service/ami-amazon-linux-latest/amzn-ami-hvm-x86_64-gp2",
    "Type": "String",
    "Value": "ami-019481e8fb78a2831",
    "Version": 74
  },
  {
    "ARN": "arn:aws:ssm:us-west-1::parameter/aws/service/ami-amazon-linux-latest/amzn-ami-hvm-x86_64-s3",
    "DataType": "text",
    "LastModifiedDate": 1703011714.607,
    "Name": "/aws/service/ami-amazon-linux-latest/amzn-ami-hvm-x86_64-s3",
    "Type": "String",
    "Value": "ami-0235bc35b4a40a526",
    "Version": 74
  },
  {
    "ARN": "arn:aws:ssm:us-west-1::parameter/aws/service/ami-amazon-linux-latest/amzn2-ami-hvm-x86_64-ebs",
    "DataType": "text",
    "LastModifiedDate": 1711392646.465,
    "Name": "/aws/service/ami-amazon-linux-latest/amzn2-ami-hvm-x86_64-ebs",
    "Type": "String",
    "Value": "ami-05d801354627b45d9",
    "Version": 111
  },
  {
    "ARN": "arn:aws:ssm:us-west-1::parameter/aws/service/ami-amazon-linux-latest/amzn2-ami-hvm-x86_64-gp2",
    "DataType": "text",
    "LastModifiedDate": 1711392646.701,
    "Name": "/aws/service/ami-amazon-linux-latest/amzn2-ami-hvm-x86_64-gp2",
    "Type": "String",
    "Value": "ami-0d11951ee69df2648",
    "Version": 111
  },
  {
    "ARN": "arn:aws:ssm:us-west-1::parameter/aws/service/ami-amazon-linux-latest/amzn2-ami-kernel-5.10-hvm-x86_64-ebs",
    "DataType": "text",
    "LastModifiedDate": 1711392647.124,
    "Name": "/aws/service/ami-amazon-linux-latest/amzn2-ami-kernel-5.10-hvm-x86_64-ebs",
    "Type": "String",
    "Value": "ami-03f78c89097bc17d3",
    "Version": 62
  },
  {
    "ARN": "arn:aws:ssm:us-west-1::parameter/aws/service/ami-amazon-linux-latest/al2023-ami-kernel-default-x86_64",
    "DataType": "text",
    "LastModifiedDate": 1711053120.32,
    "Name": "/aws/service/ami-amazon-linux-latest/al2023-ami-kernel-default-x86_64",
    "Type": "String",
    "Value": "ami-0d5ae304a0b933620",
    "Version": 70
  },
  {
    "ARN": "arn:aws:ssm:us-west-1::parameter/aws/service/ami-amazon-linux-latest/al2023-ami-minimal-kernel-default-x86_64",
    "DataType": "text",
    "LastModifiedDate": 1711053120.696,
    "Name": "/aws/service/ami-amazon-linux-latest/al2023-ami-minimal-kernel-default-x86_64",
    "Type": "String",
    "Value": "ami-029204574de29d636",
    "Version": 70
  },
  {
    "ARN": "arn:aws:ssm:us-west-1::parameter/aws/service/ami-amazon-linux-latest/amzn-ami-hvm-x86_64-ebs",
    "DataType": "text",
    "LastModifiedDate": 1703011714.359,
    "Name": "/aws/service/ami-amazon-linux-latest/amzn-ami-hvm-x86_64-ebs",
    "Type": "String",
    "Value": "ami-01a25c5ada4321ca4",
    "Version": 74
  },
  {
    "ARN": "arn:aws:ssm:us-west-1::parameter/aws/service/ami-amazon-linux-latest/amzn-ami-minimal-hvm-x86_64-s3",
    "DataType": "text",
    "LastModifiedDate": 1703011714.862,
    "Name": "/aws/service/ami-amazon-linux-latest/amzn-ami-minimal-hvm-x86_64-s3",
    "Type": "String",
    "Value": "ami-0fa3b5402acbb476e",
    "Version": 74
  },
  {
    "ARN": "arn:aws:ssm:us-west-1::parameter/aws/service/ami-amazon-linux-latest/amzn-ami-minimal-pv-x86_64-s3",
    "DataType": "text",
    "LastModifiedDate": 1703011715.124,
    "Name": "/aws/service/ami-amazon-linux-latest/amzn-ami-minimal-pv-x86_64-s3",
    "Type": "String",
    "Value": "ami-0479897821b279bb6",
    "Version": 74
  },
  {
    "ARN": "arn:aws:ssm:us-west-1::parameter/aws/service/ami-amazon-linux-latest/amzn-ami-pv-x86_64-s3",
    "DataType": "text",
    "LastModifiedDate": 1703011715.364,
    "Name": "/aws/service/ami-amazon-linux-latest/amzn-ami-pv-x86_64-s3",
    "Type": "String",
    "Value": "ami-0412bc138c812a946",
    "Version": 74
  },
  {
    "ARN": "arn:aws:ssm:us-west-1::parameter/aws/service/ami-amazon-linux-latest/amzn2-ami-hvm-arm64-gp2",
    "DataType": "text",
    "LastModifiedDate": 1711392646.243,
    "Name": "/aws/service/ami-amazon-linux-latest/amzn2-ami-hvm-arm64-gp2",
    "Type": "String",
    "Value": "ami-071507d7b94e05750",
    "Version": 78
  },
  {
    "ARN": "arn:aws:ssm:us-west-1::parameter/aws/service/ami-amazon-linux-latest/amzn2-ami-kernel-5.10-hvm-arm64-gp2",
    "DataType": "text",
    "LastModifiedDate": 1711392646.909,
    "Name": "/aws/service/ami-amazon-linux-latest/amzn2-ami-kernel-5.10-hvm-arm64-gp2",
    "Type": "String",
    "Value": "ami-0fe8c9dc8a9d0463e",
    "Version": 62
  },
  {
    "ARN": "arn:aws:ssm:us-west-1::parameter/aws/service/ami-amazon-linux-latest/amzn2-ami-kernel-5.10-hvm-x86_64-gp2",
    "DataType": "text",
    "LastModifiedDate": 1711392647.325,
    "Name": "/aws/service/ami-amazon-linux-latest/amzn2-ami-kernel-5.10-hvm-x86_64-gp2",
    "Type": "String",
    "Value": "ami-0b1eeafca2033f846",
    "Version": 62
  },
  {
    "ARN": "arn:aws:ssm:us-west-1::parameter/aws/service/ami-amazon-linux-latest/amzn2-ami-minimal-hvm-arm64-ebs",
    "DataType": "text",
    "LastModifiedDate": 1711392647.521,
    "Name": "/aws/service/ami-amazon-linux-latest/amzn2-ami-minimal-hvm-arm64-ebs",
    "Type": "String",
    "Value": "ami-0c111fe6cea418e4a",
    "Version": 78
  },
  {
    "ARN": "arn:aws:ssm:us-west-1::parameter/aws/service/ami-amazon-linux-latest/al2023-ami-kernel-default-arm64",
    "DataType": "text",
    "LastModifiedDate": 1711053120.136,
    "Name": "/aws/service/ami-amazon-linux-latest/al2023-ami-kernel-default-arm64",
    "Type": "String",
    "Value": "ami-07e2ab95a2ace0f0d",
    "Version": 70
  },
  {
    "ARN": "arn:aws:ssm:us-west-1::parameter/aws/service/ami-amazon-linux-latest/amzn-ami-minimal-hvm-x86_64-ebs",
    "DataType": "text",
    "LastModifiedDate": 1703011714.727,
    "Name": "/aws/service/ami-amazon-linux-latest/amzn-ami-minimal-hvm-x86_64-ebs",
    "Type": "String",
    "Value": "ami-00c7594bf585ed2f8",
    "Version": 74
  },
  {
    "ARN": "arn:aws:ssm:us-west-1::parameter/aws/service/ami-amazon-linux-latest/amzn-ami-minimal-pv-x86_64-ebs",
    "DataType": "text",
    "LastModifiedDate": 1703011715.0,
    "Name": "/aws/service/ami-amazon-linux-latest/amzn-ami-minimal-pv-x86_64-ebs",
    "Type": "String",
    "Value": "ami-05024efc7c12fe83e",
    "Version": 74
  },
  {
    "ARN": "arn:aws:ssm:us-west-1::parameter/aws/service/ami-amazon-linux-latest/amzn-ami-pv-x86_64-ebs",
    "DataType": "text",
    "LastModifiedDate": 1703011715.243,
    "Name": "/aws/service/ami-amazon-linux-latest/amzn-ami-pv-x86_64-ebs",
    "Type": "String",
    "Value": "ami-035508b47628ce4d5",
    "Version": 74
  },
  {
    "ARN": "arn:aws:ssm:us-west-1::parameter/aws/service/ami-amazon-linux-latest/amzn2-ami-minimal-hvm-x86_64-ebs",
    "DataType": "text",
    "LastModifiedDate": 1711392647.746,
    "Name": "/aws/service/ami-amazon-linux-latest/amzn2-ami-minimal-hvm-x86_64-ebs",
    "Type": "String",
    "Value": "ami-0cde69bf34e3266e4",
    "Version": 111
  }
]